id,title,score,num_comments,author,created_utc,url,over_18,edited,spoiler,stickied
1fugx7h,This is How Discord Processes 30+ Petabytes of Data,143,16,SnooMuffins9844,2024-10-02 14:02:12,https://www.reddit.com/r/dataengineering/comments/1fugx7h/this_is_how_discord_processes_30_petabytes_of_data/,False,False,False,False
1fu7ftl,Am I becoming a generalist as a data engineer?,79,44,the-fake-me,2024-10-02 03:54:47,https://www.reddit.com/r/dataengineering/comments/1fu7ftl/am_i_becoming_a_generalist_as_a_data_engineer/,False,False,False,False
1fuaetv,What's like being DE at FAANG company?,38,13,ruoyucad,2024-10-02 07:16:11,https://www.reddit.com/r/dataengineering/comments/1fuaetv/whats_like_being_de_at_faang_company/,False,False,False,False
1fup7el,For Fun: What was the coolest use case/ trick/ application of SQL you've seen in your career ? ,39,24,Particular-Bet-1828,2024-10-02 19:46:46,https://www.reddit.com/r/dataengineering/comments/1fup7el/for_fun_what_was_the_coolest_use_case_trick/,False,False,False,False
1fubilt,Can someone without technical background or degree like CS become data engineer?,24,76,Saintsebastian007,2024-10-02 08:41:43,https://www.reddit.com/r/dataengineering/comments/1fubilt/can_someone_without_technical_background_or/,False,False,False,False
1fugl80,What Stage Companies Do You Prefer to Work for?,18,10,Impressive-Regret431,2024-10-02 13:47:03,https://www.reddit.com/r/dataengineering/comments/1fugl80/what_stage_companies_do_you_prefer_to_work_for/,False,False,False,False
1fui7ji,Is Microsoft Fabric the right choice?,20,16,Kuri_90,2024-10-02 14:58:35,https://www.reddit.com/r/dataengineering/comments/1fui7ji/is_microsoft_fabric_the_right_choice/,False,False,False,False
1fujru0,"What is the reason your team decided to choose between Delta Lake, Iceberg, and Hudi?",14,4,vutr274,2024-10-02 16:02:36,https://www.reddit.com/r/dataengineering/comments/1fujru0/what_is_the_reason_your_team_decided_to_choose/,False,False,False,False
1fupy4h,Is Palantir Foundry worth it? ,8,4,Conscious_Awareness6,2024-10-02 20:18:13,https://www.reddit.com/r/dataengineering/comments/1fupy4h/is_palantir_foundry_worth_it/,False,False,False,False
1funnd1,What is a good/well-known DE course,6,2,DesperateBus362,2024-10-02 18:41:00,https://www.reddit.com/r/dataengineering/comments/1funnd1/what_is_a_goodwellknown_de_course/,False,False,False,False
1fu7j9q,The Complete Guide for Data Warehouse Migrations,7,0,SelectStarData,2024-10-02 04:00:11,https://www.selectstar.com/resources/data-warehouse-migration,False,False,False,False
1fugxix,"My first application with streamlit, what do you think?",5,1,Charco6,2024-10-02 14:02:35,https://www.reddit.com/r/dataengineering/comments/1fugxix/my_first_application_with_streamlit_what_do_you/,False,False,False,False
1fue4za,Mastering Big data ,6,2,Various-Ad-6587,2024-10-02 11:43:38,https://www.reddit.com/r/dataengineering/comments/1fue4za/mastering_big_data/,False,False,False,False
1fu7uwk,Need advice to jump or not for early career,3,8,Successful-Ad1180,2024-10-02 04:19:02,https://www.reddit.com/r/dataengineering/comments/1fu7uwk/need_advice_to_jump_or_not_for_early_career/,False,False,False,False
1fuqqkc,Close to real-time replication,3,2,bad_specimen,2024-10-02 20:51:56,https://www.reddit.com/r/dataengineering/comments/1fuqqkc/close_to_realtime_replication/,False,False,False,False
1fuoyr2,The perfect stack,4,10,Meiday1,2024-10-02 19:36:25,https://www.reddit.com/r/dataengineering/comments/1fuoyr2/the_perfect_stack/,False,False,False,False
1fuoqak,Looking for Advice on GCP ETL Pipeline Design with CI/CD Enablement,3,2,barely_functional_de,2024-10-02 19:26:36,https://www.reddit.com/r/dataengineering/comments/1fuoqak/looking_for_advice_on_gcp_etl_pipeline_design/,False,False,False,False
1ful9c7,Secrets of Data Engineering Project Planning?,3,1,bugtank,2024-10-02 17:02:55,https://www.reddit.com/r/dataengineering/comments/1ful9c7/secrets_of_data_engineering_project_planning/,False,False,False,False
1fuihdr,Dynamics Reporting Solution ,3,1,sweatydysmorphia,2024-10-02 15:09:34,https://www.reddit.com/r/dataengineering/comments/1fuihdr/dynamics_reporting_solution/,False,False,False,False
1fugb9t,How do you prepare and implement your Data Strategy?,3,2,Sharp_Experience7539,2024-10-02 13:34:03,https://www.reddit.com/r/dataengineering/comments/1fugb9t/how_do_you_prepare_and_implement_your_data/,False,False,False,False
1fuch8i,Creating web app for cleaning data?,3,7,dfu05263,2024-10-02 09:56:13,https://www.reddit.com/r/dataengineering/comments/1fuch8i/creating_web_app_for_cleaning_data/,False,False,False,False
1fuaqfr,Why does installation of tools (etc) takes long?,3,4,leao_26,2024-10-02 07:41:32,https://www.reddit.com/r/dataengineering/comments/1fuaqfr/why_does_installation_of_tools_etc_takes_long/,False,False,False,False
1futu05,ETL - Processing source system changes via CDC or more traditional record level insert/update timestamps.  Which do you prefer and why?,3,2,GreyHairedDWGuy,2024-10-02 23:16:08,https://www.reddit.com/r/dataengineering/comments/1futu05/etl_processing_source_system_changes_via_cdc_or/,False,False,False,False
1futf1y,Why do you think Dremio is not as popular as Databricks or Snowflake?,2,0,gglavida,2024-10-02 22:56:11,https://www.reddit.com/r/dataengineering/comments/1futf1y/why_do_you_think_dremio_is_not_as_popular_as/,False,False,False,False
1furhyh,ETL with horrible stack/sources - looking for tips from the pros,2,0,mental_diarrhea,2024-10-02 21:23:40,https://www.reddit.com/r/dataengineering/comments/1furhyh/etl_with_horrible_stacksources_looking_for_tips/,False,False,False,False
1fuood3,spark connect: how to write data back in client side?,2,2,kaoutar-,2024-10-02 19:24:20,https://www.reddit.com/r/dataengineering/comments/1fuood3/spark_connect_how_to_write_data_back_in_client/,False,False,False,False
1fulado,Can Inheritance break Encapsulation while extending different common modules in pipeline?,2,0,DebateIndependent758,2024-10-02 17:04:02,https://www.reddit.com/r/dataengineering/comments/1fulado/can_inheritance_break_encapsulation_while/,False,False,False,False
1fuilhl,How do you use data to influence decisions in your projects?,2,1,planmythings,2024-10-02 15:14:12,https://www.reddit.com/r/dataengineering/comments/1fuilhl/how_do_you_use_data_to_influence_decisions_in/,False,False,False,False
1fuchac,Would you recommend leaving consulting and working for a single company?,2,3,BewitchedHare,2024-10-02 09:56:19,https://www.reddit.com/r/dataengineering/comments/1fuchac/would_you_recommend_leaving_consulting_and/,False,False,False,False
1fuuiun,How to train to be a data engineer?,1,12,Archevening,2024-10-02 23:49:48,https://www.reddit.com/r/dataengineering/comments/1fuuiun/how_to_train_to_be_a_data_engineer/,False,False,False,False
1futmrz,"Whats the best order to do these alters on a *large table* in Sql Server?? (Cross apply, index, alter datatypes)",1,3,DoctorQuinlan,2024-10-02 23:06:34,https://www.reddit.com/r/dataengineering/comments/1futmrz/whats_the_best_order_to_do_these_alters_on_a/,False,False,False,False
1fut5y5,resources for: RDBMS/SQL | NoSQL | data quality and its standards,1,1,Available-You1317,2024-10-02 22:42:42,https://www.reddit.com/r/dataengineering/comments/1fut5y5/resources_for_rdbmssql_nosql_data_quality_and_its/,False,False,False,False
1fusi0w,Free/virtual Open Source Analytics Conference (OSACON) coming up Nov 19-21,1,0,CaporalCrunch,2024-10-02 22:07:38,https://www.reddit.com/r/dataengineering/comments/1fusi0w/freevirtual_open_source_analytics_conference/,False,False,False,False
1fuqi1b,Power BI/Azure,1,1,Tayvodenn18,2024-10-02 20:41:46,https://www.reddit.com/r/dataengineering/comments/1fuqi1b/power_biazure/,False,False,False,False
1fupkiq,"Teradata Determining the Minimum TCore Requirement for Additional Teradata Storage
",1,0,Suitable-Yam4958,2024-10-02 20:02:11,https://www.reddit.com/r/dataengineering/comments/1fupkiq/teradata_determining_the_minimum_tcore/,False,False,False,False
1fup93e,Guidance On Hiring DE’s on a as-needed / project basis,1,2,maxmansouri,2024-10-02 19:48:47,https://www.reddit.com/r/dataengineering/comments/1fup93e/guidance_on_hiring_des_on_a_asneeded_project_basis/,False,False,False,False
1fulhkt,Tool/Software for scenario playing in data,1,0,Open_Cookie_4775,2024-10-02 17:11:58,https://www.reddit.com/r/dataengineering/comments/1fulhkt/toolsoftware_for_scenario_playing_in_data/,False,False,False,False
1fujprx,Spark Docker Image Entrypoint,1,0,Aggravating-Park7660,2024-10-02 16:00:34,https://www.reddit.com/r/dataengineering/comments/1fujprx/spark_docker_image_entrypoint/,False,False,False,False
1fuifk7,How do you transition into Big Data?,1,16,Sufficient-Morning-6,2024-10-02 15:07:29,https://www.reddit.com/r/dataengineering/comments/1fuifk7/how_do_you_transition_into_big_data/,False,False,False,False
1fuh48n,"New CS grad, no experience, landing first job?",1,8,SideCharacter3,2024-10-02 14:10:54,https://www.reddit.com/r/dataengineering/comments/1fuh48n/new_cs_grad_no_experience_landing_first_job/,False,False,False,False
1fufyzr,I’ve started a YouTube channel that will mostly focus on Data Engineering. ,1,0,mportdata,2024-10-02 13:17:44,https://youtu.be/08yOFrCj4Pw?si=m1RJ9LMWVRvjsvPu,False,False,False,False
1fuebcn,What is the name of this role / job title?,1,1,computersmakeart,2024-10-02 11:52:53,https://www.reddit.com/r/dataengineering/comments/1fuebcn/what_is_the_name_of_this_role_job_title/,False,False,False,False
1fu9d5i,Wrote a minimal CLI frontend for Spark (a tutorial about Spark Connect),1,0,literate_enthusiast,2024-10-02 05:59:37,https://github.com/agile-lab-dev/literate-programming-articles/blob/main/02-frontends-with-spark-connect-part-1/article.md,False,False,False,False
1fu8zpv,Good courses for Learning on LinkedIn Learn ,1,1,Gloomy-Shelter6500,2024-10-02 05:32:37,https://www.reddit.com/r/dataengineering/comments/1fu8zpv/good_courses_for_learning_on_linkedin_learn/,False,False,False,False
1fu6wls,Update: not sure what to do,1,3,-TimeWolf-,2024-10-02 03:23:54,https://www.reddit.com/r/dataengineering/comments/1fu6wls/update_not_sure_what_to_do/,False,False,False,False
1fuo76g,Azure : Encrypting .TXT file to gpg,0,1,BOOBINDERxKK,2024-10-02 19:03:54,https://www.reddit.com/r/dataengineering/comments/1fuo76g/azure_encrypting_txt_file_to_gpg/,False,False,False,False
1fu368n,Data Is Labor ,0,3,jamesfeltonkeith,2024-10-02 00:10:16,https://i.redd.it/hlkoysx6j8sd1.png,False,False,False,False
